0,1,2,3,4,5,11,12,-1,0,			// 0:  【4.5.0】にゃんこ福引
-1,1,					// 1:  【4.2.0】モンハン大狩猟クエスト
10,11,12,-1,2,				// 2:  【4.7.0】にゃんパズル＆ねば～る君
0,0,0,1,2,3,3,4,5,11,11,11,12,12,12,-1,0,		// 3:  【5.7.0】2016にゃんこ福引
0,0,0,1,2,3,3,4,5,11,11,11,12,12,12,-1,0,		// 4:  【5.10.0】2017春にゃんこ福引
-1,0,	//5セット(アイテム)
-1,0,	//6セット(アイテム)
-1,0,	//7セット(アイテム)
-1,0,	//8セット(アイテム)
-1,0,	//9セット(アイテム)
-1,0,	//10セット(アイテム)
-1,0,	//11セット(アイテム)
-1,0,	//12セット(アイテム)
-1,0,	//13セット(アイテム)
-1,0,	//14セット(アイテム)
-1,0,	//15セット(アイテム)
-1,0,	//16セット(アイテム)
-1,0,	//17セット(アイテム)
-1,0,	//18セット(アイテム)
-1,0,	//19セット(アイテム)
-1,0,	//20セット(アイテム)
-1,0,	//21セット(アイテム)
-1,0,	//22セット(アイテム)
-1,0,	//23セット(アイテム)
-1,0,	//24セット(アイテム)
-1,0,	//25セット(アイテム)
-1,0,	//26セット(アイテム)
-1,0,	//27セット(アイテム)
-1,0,	//28セット(アイテム)
-1,0,	//29セット(アイテム)
-1,0,	//30セット(アイテム)
-1,0,	//31セット(アイテム)
-1,0,	//32セット(アイテム)
-1,0,	//33セット(アイテム)
-1,0,	//34セット(アイテム)
-1,0,	//35セット(アイテム)
-1,0,	//36セット(アイテム)
-1,0,	//37セット(アイテム)
-1,0,	//38セット(アイテム)
-1,0,	//39セット(アイテム)
-1,0,	//40セット(アイテム)
-1,0,	//41セット(アイテム)
-1,0,	//42セット(アイテム)
-1,0,	//43セット(アイテム)
-1,0,	//44セット(アイテム)
-1,0,	//45セット(アイテム)
-1,0,	//46セット(アイテム)
-1,0,	//47セット(アイテム)
-1,0,	//48セット(アイテム)
-1,0,	//49セット(アイテム)
-1,0,	//50セット(アイテム)
-1,0,	//51セット(アイテム)
-1,0,	//52セット(アイテム)
-1,0,	//53セット(アイテム)
-1,0,	//54セット(アイテム)
-1,0,	//55セット(アイテム)
-1,0,	//56セット(アイテム)
-1,0,	//57セット(アイテム)
-1,0,	//58セット(アイテム)
-1,0,	//59セット(アイテム)
-1,0,	//60セット(アイテム)
-1,0,	//61セット(アイテム)
-1,0,	//62セット(アイテム)
-1,0,	//63セット(アイテム)
-1,0,	//64セット(アイテム)
-1,0,	//65セット(アイテム)
-1,0,	//66セット(アイテム)
-1,0,	//67セット(アイテム)
-1,0,	//68セット(アイテム)
-1,0,	//69セット(アイテム)
-1,0,	//70セット(アイテム)
-1,0,	//71セット(アイテム)
-1,0,	//72セット(アイテム)
-1,0,	//73セット(アイテム)
-1,0,	//74セット(アイテム)
-1,0,	//75セット(アイテム)
-1,0,	//76セット(アイテム)
-1,0,	//77セット(アイテム)
-1,0,	//78セット(アイテム)
-1,0,	//79セット(アイテム)
-1,0,	//80セット(アイテム)
-1,0,	//81セット(アイテム)
-1,0,	//82セット(アイテム)
-1,0,	//83セット(アイテム)
-1,0,	//84セット(アイテム)
-1,0,	//85セット(アイテム)
-1,0,	//86セット(アイテム)
-1,0,	//87セット(アイテム)
-1,0,	//88セット(アイテム)
-1,0,	//89セット(アイテム)
-1,0,	//90セット(アイテム)
-1,0,	//91セット(アイテム)
-1,0,	//92セット(アイテム)
-1,0,	//93セット(アイテム)
-1,0,	//94セット(アイテム)
-1,0,	//95セット(アイテム)
-1,0,	//96セット(アイテム)
-1,0,	//97セット(アイテム)
-1,0,	//98セット(アイテム)
-1,0,	//99セット(アイテム)
-1,0,	//100セット(アイテム)