86	レアガチャセット: 86:NG【5.4.0】『プラチナガチャ』ver5.3.0まで
87	レアガチャセット: 87:NG【5.4.0】『プラチナガチャ』ver5.4.0まで
128	レアガチャセット:128:NG【5.6.0】『プラチナガチャ』ver5.6.0まで
135	レアガチャセット:135:NG【5.7.0】『プラチナガチャ』ver5.7.0まで
138	レアガチャセット:138:  【5.8.0】『プラチナガチャ』ver5.8.0まで
169	レアガチャセット:169:  【5.9.0】『プラチナガチャ』ver5.9.0まで
174	レアガチャセット:174:  【5.10.0】『プラチナガチャ』ver5.10.0まで
